method,metric,mean,std,ci95_low,ci95_high,n_folds
global_only,slice_accuracy,0.32467393449937343,0.056706809163862094,0.2959763295716353,0.3533715394271116,15
global_only,slice_balanced_accuracy,0.3418161862407684,0.024606246225809113,0.32936370754632405,0.3542686649352128,15
global_only,slice_macro_precision,0.32279789158896155,0.04128324031327651,0.3019056894334172,0.3436900937445059,15
global_only,slice_macro_recall,0.3418161862407684,0.024606246225809113,0.32936370754632405,0.3542686649352128,15
global_only,slice_macro_f1,0.2975083836378136,0.05486406554595612,0.2697433356482902,0.3252734316273371,15
global_only,slice_weighted_f1,0.3030556887209132,0.0792266019365366,0.2629614962303433,0.3431498812114831,15
global_only,slice_mcc,0.0034154665933224565,0.033006226571443094,-0.013287988675437658,0.02011892186208257,15
global_only,slice_macro_auroc,0.5068067292031813,0.02572036438939966,0.4937904289258799,0.5198230294804826,15
global_only,slice_macro_auprc,0.3445961107683033,0.01994393469333242,0.33450308725008704,0.3546891342865196,15
global_only,slice_class_1_sensitivity,0.4154173859818273,0.1551695038104675,0.3368907825131253,0.4939439894505293,15
global_only,slice_class_1_specificity,0.6219783843905249,0.16675219549845213,0.5375901301789452,0.7063666386021046,15
global_only,slice_class_2_sensitivity,0.2972868401633548,0.1843503227778445,0.20399270477844517,0.3905809755482645,15
global_only,slice_class_2_specificity,0.6855784295697854,0.18338510082447473,0.5927727638888463,0.7783840952507246,15
global_only,slice_class_3_sensitivity,0.3127443325771232,0.1916593986903771,0.215751294432254,0.4097373707219924,15
global_only,slice_class_3_specificity,0.6919410993584548,0.2061115968608079,0.5876342398304437,0.7962479588864659,15
global_only,slice_class_1_precision,0.24925280680222633,0.06547395665987335,0.21611841308503757,0.2823872005194151,15
global_only,slice_class_1_recall,0.4154173859818273,0.1551695038104675,0.3368907825131253,0.4939439894505293,15
global_only,slice_class_1_f1,0.30747044850669863,0.08089236518421804,0.2665332635027081,0.34840763351068915,15
global_only,slice_class_1_support,141.6,48.59276842141373,117.00866624194612,166.19133375805387,15
global_only,slice_class_2_precision,0.4025909607186924,0.15256838033039968,0.32538070735150204,0.4798012140858827,15
global_only,slice_class_2_recall,0.2972868401633548,0.1843503227778445,0.20399270477844517,0.3905809755482645,15
global_only,slice_class_2_f1,0.3144674367326943,0.15806875988766186,0.2344736072515527,0.39446126621383587,15
global_only,slice_class_2_support,285.2,96.821042577088,236.2017920327692,334.1982079672308,15
global_only,slice_class_3_precision,0.31654990724596616,0.08595810129744633,0.27304910605920785,0.36005070843272446,15
global_only,slice_class_3_recall,0.3127443325771232,0.1916593986903771,0.215751294432254,0.4097373707219924,15
global_only,slice_class_3_f1,0.2705872656740479,0.10359141712737267,0.21816277545038745,0.32301175589770836,15
global_only,slice_class_3_support,186.0,37.981198356179185,166.77886163620894,205.22113836379106,15
global_only,patient_accuracy,0.3661732963305581,0.08605110724598004,0.3226254276398033,0.40972116502131295,15
global_only,patient_balanced_accuracy,0.37653516236849577,0.0710503329341786,0.34057873289214446,0.41249159184484707,15
global_only,patient_macro_precision,0.3897502426873189,0.09717609498129026,0.3405723534124166,0.4389281319622212,15
global_only,patient_macro_recall,0.37653516236849577,0.0710503329341786,0.34057873289214446,0.41249159184484707,15
global_only,patient_macro_f1,0.3217704977340503,0.09712021123378844,0.2726208895374054,0.37092010593069524,15
global_only,patient_weighted_f1,0.3252495426177807,0.11420102683879137,0.2674558490757678,0.38304323615979363,15
global_only,patient_mcc,0.07360259516085824,0.11151344784015679,0.01716900424941361,0.13003618607230286,15
global_only,patient_macro_auroc,0.5366651643473505,0.0633484393475047,0.504606430802138,0.568723897892563,15
global_only,patient_macro_auprc,0.4092412913686081,0.04804770903615482,0.38492579571766966,0.43355678701954653,15
global_only,patient_class_1_sensitivity,0.4420217209690893,0.22876173330062496,0.32625231088156853,0.55779113105661,15
global_only,patient_class_1_specificity,0.6611900960895213,0.25721836850352897,0.531019641635954,0.7913605505430885,15
global_only,patient_class_2_sensitivity,0.35853688708951875,0.27170824401823696,0.2210335438858261,0.4960402302932114,15
global_only,patient_class_2_specificity,0.7056486459577856,0.23365279699199337,0.5874040161292686,0.8238932757863027,15
global_only,patient_class_3_sensitivity,0.32904687904687907,0.3104295479048201,0.17194785240395316,0.486145905689805,15
global_only,patient_class_3_specificity,0.6930814892864228,0.3016918978680319,0.5404043236589529,0.8457586549138927,15
global_only,patient_class_1_precision,0.4865932497589346,0.16830898348921455,0.4014171521230132,0.571769347394856,15
global_only,patient_class_1_recall,0.4420217209690893,0.22876173330062496,0.32625231088156853,0.55779113105661,15
global_only,patient_class_1_f1,0.417708694749509,0.12029059190418723,0.3568332560871966,0.4785841334118214,15
global_only,patient_class_1_support,16.4,3.5010202594590707,14.628239293809685,18.171760706190312,15
global_only,patient_class_2_precision,0.3735094758909953,0.19635584103591966,0.26676922480945264,0.480249726972538,13
global_only,patient_class_2_recall,0.35853688708951875,0.27170824401823696,0.2210335438858261,0.4960402302932114,15
global_only,patient_class_2_f1,0.31889408603159836,0.20094919420557752,0.21719976270624347,0.42058840935695324,15
global_only,patient_class_2_support,17.8,4.693460496112802,15.424781273229769,20.175218726770233,15
global_only,patient_class_3_precision,0.27807448961295117,0.13129733206579652,0.20670044686941969,0.34944853235648266,13
global_only,patient_class_3_recall,0.32904687904687907,0.3104295479048201,0.17194785240395316,0.486145905689805,15
global_only,patient_class_3_f1,0.22870871242104354,0.15061994184856647,0.15248450497324315,0.30493291986884397,15
global_only,patient_class_3_support,12.4,2.4142434484888695,11.1782242431608,13.6217757568392,15
global_only,small_slice_macro_f1,0.27752249465225554,0.06497112439672628,0.24464256916993107,0.31040242013457997,15
global_only,medium_slice_macro_f1,0.3129819604750391,0.05892757155416478,0.2831604947155069,0.34280342623457133,15
global_only,large_slice_macro_f1,0.2595526529553813,0.08163851862813987,0.2182378622094196,0.30086744370134305,15
local_only,slice_accuracy,0.33854155570403494,0.03184068572613206,0.3224279454856148,0.35465516592245505,15
local_only,slice_balanced_accuracy,0.34226737762872117,0.023019049155000727,0.3306181314764024,0.35391662378103994,15
local_only,slice_macro_precision,0.3325092741252561,0.04978809901804523,0.30731301962265734,0.3577055286278549,15
local_only,slice_macro_recall,0.34226737762872117,0.023019049155000727,0.3306181314764024,0.35391662378103994,15
local_only,slice_macro_f1,0.29943183351430935,0.04640381476545895,0.27594826314745946,0.32291540388115925,15
local_only,slice_weighted_f1,0.32063448693232005,0.04987443969267374,0.29539453801971627,0.34587443584492383,15
local_only,slice_mcc,0.010683704417591821,0.03598871599320052,-0.007529098747633918,0.02889650758281756,15
local_only,slice_macro_auroc,0.5065887081970609,0.01867681971944452,0.49713693333054676,0.5160404830635751,15
local_only,slice_macro_auprc,0.3462003507496015,0.014660969651027905,0.3387808764200375,0.35361982507916545,15
local_only,slice_class_1_sensitivity,0.42722823202874877,0.21601358551126112,0.3179102748480991,0.5365461892093984,15
local_only,slice_class_1_specificity,0.6022534463562431,0.20586369161424056,0.49807204419270734,0.7064348485197789,15
local_only,slice_class_2_sensitivity,0.2897249022926266,0.17633316563645657,0.2004880082104733,0.3789617963747799,15
local_only,slice_class_2_specificity,0.7262709081441263,0.19292154960598495,0.6286391335076547,0.823902682780598,15
local_only,slice_class_3_sensitivity,0.30984899856478804,0.19826899909009238,0.20951104110955626,0.4101869560200198,15
local_only,slice_class_3_specificity,0.6862511986605899,0.19007529798214187,0.5900598260821842,0.7824425712389956,15
local_only,slice_class_1_precision,0.2403068490872275,0.08347453643395397,0.19806290513359198,0.282550793040863,15
local_only,slice_class_1_recall,0.42722823202874877,0.21601358551126112,0.3179102748480991,0.5365461892093984,15
local_only,slice_class_1_f1,0.28948405777376096,0.12533741163766282,0.22605457593765116,0.35291353960987076,15
local_only,slice_class_1_support,141.6,48.59276842141373,117.00866624194612,166.19133375805387,15
local_only,slice_class_2_precision,0.4579449388315939,0.1791865875441683,0.36726401402707987,0.5486258636361079,15
local_only,slice_class_2_recall,0.2897249022926266,0.17633316563645657,0.2004880082104733,0.3789617963747799,15
local_only,slice_class_2_f1,0.3252850451568461,0.13539999306772682,0.25676319450839974,0.39380689580529243,15
local_only,slice_class_2_support,285.2,96.821042577088,236.2017920327692,334.1982079672308,15
local_only,slice_class_3_precision,0.2992760344569472,0.08562669726402973,0.25594294685102126,0.3426091220628732,15
local_only,slice_class_3_recall,0.30984899856478804,0.19826899909009238,0.20951104110955626,0.4101869560200198,15
local_only,slice_class_3_f1,0.28352639761232096,0.12001930523578183,0.2227882489465161,0.3442645462781258,15
local_only,slice_class_3_support,186.0,37.981198356179185,166.77886163620894,205.22113836379106,15
local_only,patient_accuracy,0.3357076780758558,0.07318896652320588,0.2986689506757093,0.37274640547600224,15
local_only,patient_balanced_accuracy,0.3299753446683271,0.05168049005809113,0.303821408165334,0.35612928117132026,15
local_only,patient_macro_precision,0.30221778780696634,0.11623569831490127,0.24339440842933513,0.36104116718459756,15
local_only,patient_macro_recall,0.3299753446683271,0.05168049005809113,0.303821408165334,0.35612928117132026,15
local_only,patient_macro_f1,0.25507221562470267,0.07204436938641201,0.21861273429601502,0.2915316969533903,15
local_only,patient_weighted_f1,0.26908462370396635,0.07757265922293899,0.2298274417112148,0.3083418056967179,15
local_only,patient_mcc,0.0009317462292233773,0.09550845073066264,-0.04740219861342854,0.0492656910718753,15
local_only,patient_macro_auroc,0.5092758251230681,0.05006675081160801,0.48393855335637037,0.5346130968897659,15
local_only,patient_macro_auprc,0.3866999811004701,0.04029771929577164,0.3663065213927086,0.4070934408082316,15
local_only,patient_class_1_sensitivity,0.47049770891876147,0.2916950532920585,0.3228796446654544,0.6181157731720686,15
local_only,patient_class_1_specificity,0.561258134160433,0.2960934036266016,0.41141419752785374,0.7111020707930122,15
local_only,patient_class_2_sensitivity,0.2568927125506073,0.2880433346638493,0.11112267290042663,0.40266275220078795,15
local_only,patient_class_2_specificity,0.7162690924637478,0.29671437299066344,0.5661109019744477,0.8664272829530479,15
local_only,patient_class_3_sensitivity,0.26253561253561253,0.3284952924492129,0.09629405773240324,0.4287771673388218,15
local_only,patient_class_3_specificity,0.7260989815069511,0.2791929323917919,0.5848078633760739,0.8673900996378282,15
local_only,patient_class_1_precision,0.4163396356284112,0.2062040855108538,0.30832333006555995,0.5243559411912624,14
local_only,patient_class_1_recall,0.47049770891876147,0.2916950532920585,0.3228796446654544,0.6181157731720686,15
local_only,patient_class_1_f1,0.37058671100852364,0.18486832795027264,0.2770304288372217,0.4641429931798256,15
local_only,patient_class_1_support,16.4,3.5010202594590707,14.628239293809685,18.171760706190312,15
local_only,patient_class_2_precision,0.33732901558988515,0.19256237824019345,0.2326509143743617,0.4420071168054086,13
local_only,patient_class_2_recall,0.2568927125506073,0.2880433346638493,0.11112267290042663,0.40266275220078795,15
local_only,patient_class_2_f1,0.21576833327100478,0.16783623495294478,0.13083147940358453,0.30070518713842503,15
local_only,patient_class_2_support,17.8,4.693460496112802,15.424781273229769,20.175218726770233,15
local_only,patient_class_3_precision,0.15424570338798302,0.16401296490852554,0.06833045835324784,0.24016094842271818,14
local_only,patient_class_3_recall,0.26253561253561253,0.3284952924492129,0.09629405773240324,0.4287771673388218,15
local_only,patient_class_3_f1,0.1788616025945795,0.20300286229989534,0.07612797981837505,0.28159522537078396,15
local_only,patient_class_3_support,12.4,2.4142434484888695,11.1782242431608,13.6217757568392,15
local_only,small_slice_macro_f1,0.2827804832660355,0.05735798481298673,0.253753337992214,0.311807628539857,15
local_only,medium_slice_macro_f1,0.30210775853680605,0.0503462031665232,0.2766290643660667,0.3275864527075454,15
local_only,large_slice_macro_f1,0.25549919672640253,0.06811939006306358,0.22102602899271037,0.28997236446009467,15
fixed_4g_4l,slice_accuracy,0.3113747551963636,0.044892786203011646,0.288655870788026,0.3340936396047012,15
fixed_4g_4l,slice_balanced_accuracy,0.3449185523223919,0.0290905248426389,0.33019671553799,0.35964038910679375,15
fixed_4g_4l,slice_macro_precision,0.33927818752474476,0.034408098081885524,0.3218652873875584,0.35669108766193114,15
fixed_4g_4l,slice_macro_recall,0.3449185523223919,0.0290905248426389,0.33019671553799,0.35964038910679375,15
fixed_4g_4l,slice_macro_f1,0.2830084092681629,0.05228437423532618,0.2565488652059378,0.309467953330388,15
fixed_4g_4l,slice_weighted_f1,0.2794184505111933,0.07218473147489467,0.24288793616510437,0.31594896485728224,15
fixed_4g_4l,slice_mcc,0.013668206734149403,0.04163604885990087,-0.007402541180457113,0.03473895464875592,15
fixed_4g_4l,slice_macro_auroc,0.5022483841916004,0.026086519054055093,0.4890467840876351,0.5154499842955658,15
fixed_4g_4l,slice_macro_auprc,0.3431125097294893,0.023151100357743135,0.33139643644825234,0.3548285830107263,15
fixed_4g_4l,slice_class_1_sensitivity,0.38441981314574497,0.20492437034053015,0.2807137731337855,0.48812585315770446,15
fixed_4g_4l,slice_class_1_specificity,0.6222738778297288,0.18143500166855148,0.5304550984852239,0.7140926571742336,15
fixed_4g_4l,slice_class_2_sensitivity,0.30160084306552887,0.24333186361529988,0.17845792969539587,0.42474375643566187,15
fixed_4g_4l,slice_class_2_specificity,0.6972571628385011,0.25828553864120124,0.5665466457812861,0.8279676798957162,15
fixed_4g_4l,slice_class_3_sensitivity,0.3487350007559019,0.2297357390870102,0.23247267573158326,0.46499732578022057,15
fixed_4g_4l,slice_class_3_specificity,0.6914881046571577,0.20629937752766173,0.5870862150001392,0.7958899943141762,15
fixed_4g_4l,slice_class_1_precision,0.23000498554830923,0.07150608453828688,0.1938179139379227,0.26619205715869576,15
fixed_4g_4l,slice_class_1_recall,0.38441981314574497,0.20492437034053015,0.2807137731337855,0.48812585315770446,15
fixed_4g_4l,slice_class_1_f1,0.27109245185797676,0.09030093654316597,0.22539387280317114,0.3167910309127824,15
fixed_4g_4l,slice_class_1_support,141.6,48.59276842141373,117.00866624194612,166.19133375805387,15
fixed_4g_4l,slice_class_2_precision,0.47546711527466884,0.13924311301894496,0.40252711214080605,0.5484071184085316,14
fixed_4g_4l,slice_class_2_recall,0.30160084306552887,0.24333186361529988,0.17845792969539587,0.42474375643566187,15
fixed_4g_4l,slice_class_2_f1,0.2903687547161646,0.15698997794942807,0.21092086422053627,0.3698166452117929,15
fixed_4g_4l,slice_class_2_support,285.2,96.821042577088,236.2017920327692,334.1982079672308,15
fixed_4g_4l,slice_class_3_precision,0.3247847626233396,0.06971846935379886,0.28950234911457584,0.3600671761321034,15
fixed_4g_4l,slice_class_3_recall,0.3487350007559019,0.2297357390870102,0.23247267573158326,0.46499732578022057,15
fixed_4g_4l,slice_class_3_f1,0.2875640212303475,0.11908868995350008,0.2272968288765698,0.3478312135841253,15
fixed_4g_4l,slice_class_3_support,186.0,37.981198356179185,166.77886163620894,205.22113836379106,15
fixed_4g_4l,patient_accuracy,0.3047795251310515,0.07796095690306437,0.2653258373996964,0.3442332128624066,15
fixed_4g_4l,patient_balanced_accuracy,0.33029327884591037,0.06715880614137187,0.29630623364831415,0.3642803240435066,15
fixed_4g_4l,patient_macro_precision,0.3514724321277468,0.14249755464237465,0.2793587197430676,0.42358614451242604,15
fixed_4g_4l,patient_macro_recall,0.33029327884591037,0.06715880614137187,0.29630623364831415,0.3642803240435066,15
fixed_4g_4l,patient_macro_f1,0.23987366175322272,0.09196922051844199,0.19333081452082657,0.2864165089856189,15
fixed_4g_4l,patient_weighted_f1,0.23444999971106803,0.1024880778591169,0.18258387619660063,0.2863161232255354,15
fixed_4g_4l,patient_mcc,-0.014120210460885862,0.13187244460955963,-0.08085687528229317,0.05261645436052144,15
fixed_4g_4l,patient_macro_auroc,0.5083922667844012,0.07218742830744641,0.4718603876527377,0.5449241459160646,15
fixed_4g_4l,patient_macro_auprc,0.37951892334493864,0.06140169684012737,0.34844537743762183,0.41059246925225545,15
fixed_4g_4l,patient_class_1_sensitivity,0.3653284726968938,0.34220125214159824,0.19215074528571774,0.5385062001080698,15
fixed_4g_4l,patient_class_1_specificity,0.6006408502098157,0.3452583184445347,0.42591603379304843,0.775365666626583,15
fixed_4g_4l,patient_class_2_sensitivity,0.311002024291498,0.3265375899690908,0.14575120363766134,0.4762528449453346,15
fixed_4g_4l,patient_class_2_specificity,0.673963589617448,0.3623915040448048,0.49056818498102994,0.857358994253866,15
fixed_4g_4l,patient_class_3_sensitivity,0.3145493395493395,0.3583804213460659,0.13318382282793842,0.4959148562707406,15
fixed_4g_4l,patient_class_3_specificity,0.7117381224591852,0.3219306735129715,0.5488187232050393,0.8746575217133311,15
fixed_4g_4l,patient_class_1_precision,0.3713640958775855,0.22268656683011948,0.25471373859745117,0.48801445315771985,14
fixed_4g_4l,patient_class_1_recall,0.3653284726968938,0.34220125214159824,0.19215074528571774,0.5385062001080698,15
fixed_4g_4l,patient_class_1_f1,0.27383666531760903,0.19051647879251696,0.1774220244441868,0.37025130619103125,15
fixed_4g_4l,patient_class_1_support,16.4,3.5010202594590707,14.628239293809685,18.171760706190312,15
fixed_4g_4l,patient_class_2_precision,0.4295085783669375,0.25457495663705937,0.28546923701846083,0.5735479197154142,12
fixed_4g_4l,patient_class_2_recall,0.311002024291498,0.3265375899690908,0.14575120363766134,0.4762528449453346,15
fixed_4g_4l,patient_class_2_f1,0.2422754045238946,0.164552219329849,0.1590004918645538,0.32555031718323535,15
fixed_4g_4l,patient_class_2_support,17.8,4.693460496112802,15.424781273229769,20.175218726770233,15
fixed_4g_4l,patient_class_3_precision,0.23784271284271286,0.1843620286395119,0.13762237244915065,0.33806305323627506,13
fixed_4g_4l,patient_class_3_recall,0.3145493395493395,0.3583804213460659,0.13318382282793842,0.4959148562707406,15
fixed_4g_4l,patient_class_3_f1,0.20350891541816468,0.17858370310645244,0.11313309223488026,0.2938847386014491,15
fixed_4g_4l,patient_class_3_support,12.4,2.4142434484888695,11.1782242431608,13.6217757568392,15
fixed_4g_4l,small_slice_macro_f1,0.27948329990807824,0.06831681392393005,0.24491022191588285,0.31405637790027363,15
fixed_4g_4l,medium_slice_macro_f1,0.27838466237219944,0.05865783940632053,0.24869969991322813,0.30806962483117073,15
fixed_4g_4l,large_slice_macro_f1,0.23887509616848682,0.07536621856950702,0.20073452720867319,0.27701566512830045,15
random_allocation,slice_accuracy,0.31005690533252056,0.0584118819324986,0.2804964145290143,0.3396173961360268,15
random_allocation,slice_balanced_accuracy,0.3333642180324213,0.021615978602823865,0.32242502354736813,0.3443034125174744,15
random_allocation,slice_macro_precision,0.325774142324525,0.05114335796658654,0.299892032164493,0.351656252484557,15
random_allocation,slice_macro_recall,0.3333642180324213,0.021615978602823865,0.32242502354736813,0.3443034125174744,15
random_allocation,slice_macro_f1,0.271296111848191,0.056179573658462524,0.24286532489982662,0.29972689879655545,15
random_allocation,slice_weighted_f1,0.27343675827117125,0.07750771814567282,0.23421244099795596,0.31266107554438655,15
random_allocation,slice_mcc,-0.001416469470629192,0.037402258664139335,-0.020344623926418344,0.01751168498515996,15
random_allocation,slice_macro_auroc,0.5032148213971994,0.020918087017914654,0.4926288087836257,0.5138008340107731,15
random_allocation,slice_macro_auprc,0.3428165909262662,0.015175335486430843,0.3351368115689574,0.350496370283575,15
random_allocation,slice_class_1_sensitivity,0.4075867244333987,0.23400963663587543,0.28916150882914027,0.5260119400376572,15
random_allocation,slice_class_1_specificity,0.5870136170749919,0.22591492711550287,0.4726848896922659,0.7013423444577178,15
random_allocation,slice_class_2_sensitivity,0.27208446599423797,0.23764343921778017,0.15182029255725146,0.39234863943122444,15
random_allocation,slice_class_2_specificity,0.7201157401715291,0.25142309995789797,0.5928780962503284,0.8473533840927299,15
random_allocation,slice_class_3_sensitivity,0.32042146366962726,0.21962762746911427,0.2092745489117836,0.4315683784274709,15
random_allocation,slice_class_3_specificity,0.6920711679153774,0.18804169014722188,0.5969089428958804,0.7872333929348744,15
random_allocation,slice_class_1_precision,0.22710277946433852,0.07593725668146414,0.188673225347764,0.265532333580913,15
random_allocation,slice_class_1_recall,0.4075867244333987,0.23400963663587543,0.28916150882914027,0.5260119400376572,15
random_allocation,slice_class_1_f1,0.2731568493180417,0.10554211852084563,0.21974516798369625,0.3265685306523871,15
random_allocation,slice_class_1_support,141.6,48.59276842141373,117.00866624194612,166.19133375805387,15
random_allocation,slice_class_2_precision,0.43757292664673897,0.16893377333584458,0.35208064172315623,0.5230652115703217,15
random_allocation,slice_class_2_recall,0.27208446599423797,0.23764343921778017,0.15182029255725146,0.39234863943122444,15
random_allocation,slice_class_2_f1,0.272437774293717,0.16956678838614103,0.1866251395551019,0.35825040903233213,15
random_allocation,slice_class_2_support,285.2,96.821042577088,236.2017920327692,334.1982079672308,15
random_allocation,slice_class_3_precision,0.31264672086249745,0.09636464804853767,0.2638794803939611,0.3614139613310338,15
random_allocation,slice_class_3_recall,0.32042146366962726,0.21962762746911427,0.2092745489117836,0.4315683784274709,15
random_allocation,slice_class_3_f1,0.2682937119328145,0.14243867329870377,0.19620979761935803,0.34037762624627094,15
random_allocation,slice_class_3_support,186.0,37.981198356179185,166.77886163620894,205.22113836379106,15
random_allocation,patient_accuracy,0.3474560592044404,0.06729276852119245,0.3134012196888786,0.3815108987200022,15
random_allocation,patient_balanced_accuracy,0.35643603959393444,0.047118648973625096,0.3325907132052371,0.3802813659826318,15
random_allocation,patient_macro_precision,0.4111607452662,0.1356815010674399,0.34249643191391116,0.47982505861848884,15
random_allocation,patient_macro_recall,0.35643603959393444,0.047118648973625096,0.3325907132052371,0.3802813659826318,15
random_allocation,patient_macro_f1,0.26154132130024105,0.07518673329977399,0.22349158441927464,0.29959105818120746,15
random_allocation,patient_weighted_f1,0.2635887703135367,0.08955500877101731,0.21826768279502778,0.30890985783204566,15
random_allocation,patient_mcc,0.04676147462025373,0.08816451701590745,0.0021440730193938093,0.09137887622111365,15
random_allocation,patient_macro_auroc,0.5063782631046672,0.06467924026633402,0.4736460513728108,0.5391104748365235,15
random_allocation,patient_macro_auprc,0.39580236647623257,0.05793824092283866,0.36648157109507884,0.4251231618573863,15
random_allocation,patient_class_1_sensitivity,0.44676160097212736,0.3431483386310858,0.27310458166799406,0.6204186202762607,15
random_allocation,patient_class_1_specificity,0.5584181718664477,0.3847658683315369,0.3636997766354695,0.7531365670974259,15
random_allocation,patient_class_2_sensitivity,0.2819579397210976,0.3596063453307918,0.09997201986462612,0.4639438595775691,15
random_allocation,patient_class_2_specificity,0.7630254527139411,0.33018767555196016,0.5959274338919456,0.9301234715359366,15
random_allocation,patient_class_3_sensitivity,0.34058857808857806,0.3445994915650309,0.16619717407470477,0.5149799821024513,15
random_allocation,patient_class_3_specificity,0.7137223561322232,0.29266727737730763,0.5656122786072986,0.8618324336571479,15
random_allocation,patient_class_1_precision,0.4917101340827557,0.29126861102009816,0.344307879394925,0.6391123887705864,15
random_allocation,patient_class_1_recall,0.44676160097212736,0.3431483386310858,0.27310458166799406,0.6204186202762607,15
random_allocation,patient_class_1_f1,0.3313482485172092,0.19395407452552424,0.23319394417652933,0.429502552857889,15
random_allocation,patient_class_1_support,16.4,3.5010202594590707,14.628239293809685,18.171760706190312,15
random_allocation,patient_class_2_precision,0.4492202659001077,0.26488024564589807,0.29268604382721297,0.6057544879730025,11
random_allocation,patient_class_2_recall,0.2819579397210976,0.3596063453307918,0.09997201986462612,0.4639438595775691,15
random_allocation,patient_class_2_f1,0.22561083338106386,0.2158106384267705,0.11639558159572425,0.33482608516640344,15
random_allocation,patient_class_2_support,17.8,4.693460496112802,15.424781273229769,20.175218726770233,15
random_allocation,patient_class_3_precision,0.2494681355101352,0.13403351610791805,0.17025938921617512,0.32867688180409527,11
random_allocation,patient_class_3_recall,0.34058857808857806,0.3445994915650309,0.16619717407470477,0.5149799821024513,15
random_allocation,patient_class_3_f1,0.22766488200245008,0.2003804764518344,0.1262583695705833,0.3290713944343169,15
random_allocation,patient_class_3_support,12.4,2.4142434484888695,11.1782242431608,13.6217757568392,15
random_allocation,small_slice_macro_f1,0.2578382921691908,0.0789643500505785,0.21787681744436632,0.29779976689401527,15
random_allocation,medium_slice_macro_f1,0.26680610186982073,0.04632900854299521,0.24336038867480003,0.29025181506484143,15
random_allocation,large_slice_macro_f1,0.2570283061466438,0.10935220788160221,0.2016884535604401,0.31236815873284746,15
proposed_lsa_glqie,slice_accuracy,0.31170069209965867,0.05652078989845936,0.2830972259088057,0.34030415829051164,15
proposed_lsa_glqie,slice_balanced_accuracy,0.33581455958550693,0.015787649716071064,0.32782490647382995,0.3438042126971839,15
proposed_lsa_glqie,slice_macro_precision,0.3213654207741475,0.04121268203972679,0.30050892603167345,0.3422219155166215,15
proposed_lsa_glqie,slice_macro_recall,0.33581455958550693,0.015787649716071064,0.32782490647382995,0.3438042126971839,15
proposed_lsa_glqie,slice_macro_f1,0.2783600462431801,0.05238879285748131,0.2518476590672286,0.3048724334191316,15
proposed_lsa_glqie,slice_weighted_f1,0.28184946478681694,0.07285666690878222,0.24497890419402538,0.3187200253796085,15
proposed_lsa_glqie,slice_mcc,0.00577216180228164,0.024139834588168426,-0.006444280036834962,0.017988603641398242,15
proposed_lsa_glqie,slice_macro_auroc,0.509707083187562,0.014759651138667606,0.5022376691349255,0.5171764972401984,15
proposed_lsa_glqie,slice_macro_auprc,0.3470633320293642,0.011851582287525364,0.3410656038681273,0.3530610601906011,15
proposed_lsa_glqie,slice_class_1_sensitivity,0.4097578235729157,0.26486029380312576,0.2757200213286907,0.5437956258171406,15
proposed_lsa_glqie,slice_class_1_specificity,0.5889282538121111,0.24651638829466205,0.464173748598274,0.7136827590259482,15
proposed_lsa_glqie,slice_class_2_sensitivity,0.28933696389370683,0.251296603249592,0.16216333613940295,0.41651059164801074,15
proposed_lsa_glqie,slice_class_2_specificity,0.7165996490836328,0.24127879663293791,0.5944957309597277,0.8387035672075379,15
proposed_lsa_glqie,slice_class_3_sensitivity,0.3083488912898985,0.15518021467617085,0.22981686737527618,0.38688091520452084,15
proposed_lsa_glqie,slice_class_3_specificity,0.697695135843901,0.1544995321668344,0.6195075848069134,0.7758826868808886,15
proposed_lsa_glqie,slice_class_1_precision,0.2302203942453564,0.08012169270381263,0.1896732233278126,0.2707675651629002,15
proposed_lsa_glqie,slice_class_1_recall,0.4097578235729157,0.26486029380312576,0.2757200213286907,0.5437956258171406,15
proposed_lsa_glqie,slice_class_1_f1,0.2683882300004502,0.10883163664993091,0.21331182280578811,0.32346463719511226,15
proposed_lsa_glqie,slice_class_1_support,141.6,48.59276842141373,117.00866624194612,166.19133375805387,15
proposed_lsa_glqie,slice_class_2_precision,0.4185992044189005,0.17808584012927134,0.3284753346648066,0.5087230741729943,15
proposed_lsa_glqie,slice_class_2_recall,0.28933696389370683,0.251296603249592,0.16216333613940295,0.41651059164801074,15
proposed_lsa_glqie,slice_class_2_f1,0.28708901077861204,0.1749253886611026,0.19856455014247287,0.3756134714147512,15
proposed_lsa_glqie,slice_class_2_support,285.2,96.821042577088,236.2017920327692,334.1982079672308,15
proposed_lsa_glqie,slice_class_3_precision,0.31527666365818546,0.07639850394196233,0.27661368622171423,0.3539396410946567,15
proposed_lsa_glqie,slice_class_3_recall,0.3083488912898985,0.15518021467617085,0.22981686737527618,0.38688091520452084,15
proposed_lsa_glqie,slice_class_3_f1,0.2796028979504782,0.08052605122481,0.23885109338741903,0.32035470251353737,15
proposed_lsa_glqie,slice_class_3_support,186.0,37.981198356179185,166.77886163620894,205.22113836379106,15
proposed_lsa_glqie,patient_accuracy,0.32016651248843664,0.06930355662306144,0.2850940737922528,0.35523895118462046,15
proposed_lsa_glqie,patient_balanced_accuracy,0.3342512052599772,0.04157596903304343,0.31321086193276865,0.35529154858718576,15
proposed_lsa_glqie,patient_macro_precision,0.33034161704302006,0.12422550402540855,0.2674748380964418,0.39320839598959834,15
proposed_lsa_glqie,patient_macro_recall,0.3342512052599772,0.04157596903304343,0.31321086193276865,0.35529154858718576,15
proposed_lsa_glqie,patient_macro_f1,0.24672971897918364,0.074880732428084,0.208834839905468,0.2846245980528993,15
proposed_lsa_glqie,patient_weighted_f1,0.24644104913286463,0.08884940372651982,0.20147704703497063,0.29140505123075866,15
proposed_lsa_glqie,patient_mcc,0.008787049695574629,0.07447319457358322,-0.028901586767879406,0.04647568615902867,15
proposed_lsa_glqie,patient_macro_auroc,0.5171760107929554,0.047167212391650316,0.49330610792384977,0.541045913662061,15
proposed_lsa_glqie,patient_macro_auprc,0.38146048233670765,0.02949513110159269,0.3665338865340864,0.3963870781393289,15
proposed_lsa_glqie,patient_class_1_sensitivity,0.4260854155590997,0.34722413985071593,0.25036575624947865,0.6018050748687207,15
proposed_lsa_glqie,patient_class_1_specificity,0.5565550690263333,0.34483982119901235,0.38204204143691206,0.7310680966157546,15
proposed_lsa_glqie,patient_class_2_sensitivity,0.3021052631578947,0.34349370585462463,0.12827346392376276,0.47593706239202666,15
proposed_lsa_glqie,patient_class_2_specificity,0.7330648382411507,0.3162532348539413,0.5730186193694085,0.8931110571128928,15
proposed_lsa_glqie,patient_class_3_sensitivity,0.27456293706293705,0.3150519272704366,0.11512466370843408,0.43400121041744,15
proposed_lsa_glqie,patient_class_3_specificity,0.7152741407959624,0.24884137393382902,0.5893430305091317,0.8412052510827931,15
proposed_lsa_glqie,patient_class_1_precision,0.41422225153298875,0.2580392422938461,0.283636377624908,0.5448081254410695,15
proposed_lsa_glqie,patient_class_1_recall,0.4260854155590997,0.34722413985071593,0.25036575624947865,0.6018050748687207,15
proposed_lsa_glqie,patient_class_1_f1,0.3194148755732466,0.17417051045628956,0.23127243601728645,0.4075573151292068,15
proposed_lsa_glqie,patient_class_1_support,16.4,3.5010202594590707,14.628239293809685,18.171760706190312,15
proposed_lsa_glqie,patient_class_2_precision,0.40040961454004925,0.1496451333464205,0.31197499202504525,0.48884423705505325,11
proposed_lsa_glqie,patient_class_2_recall,0.3021052631578947,0.34349370585462463,0.12827346392376276,0.47593706239202666,15
proposed_lsa_glqie,patient_class_2_f1,0.23879267774780094,0.20140055821535371,0.1368699327175018,0.3407154227781001,15
proposed_lsa_glqie,patient_class_2_support,17.8,4.693460496112802,15.424781273229769,20.175218726770233,15
proposed_lsa_glqie,patient_class_3_precision,0.1706726134863787,0.1304030867773228,0.09978468801909728,0.2415605389536601,13
proposed_lsa_glqie,patient_class_3_recall,0.27456293706293705,0.3150519272704366,0.11512466370843408,0.43400121041744,15
proposed_lsa_glqie,patient_class_3_f1,0.18198160361650342,0.1714537376373609,0.09521404080260686,0.2687491664304,15
proposed_lsa_glqie,patient_class_3_support,12.4,2.4142434484888695,11.1782242431608,13.6217757568392,15
proposed_lsa_glqie,small_slice_macro_f1,0.24732405628602516,0.054523604853073324,0.21973130517939532,0.274916807392655,15
proposed_lsa_glqie,medium_slice_macro_f1,0.2767738476040888,0.048770583487787816,0.2520925270067074,0.30145516820147017,15
proposed_lsa_glqie,large_slice_macro_f1,0.2564008243249738,0.07096271082293412,0.22048873775503014,0.29231291089491745,15
classical_proposed,slice_accuracy,0.6962972261796279,0.05833597250871451,0.6667751508448487,0.725819301514407,15
classical_proposed,slice_balanced_accuracy,0.6822225008892165,0.06150887682124455,0.6510947144277297,0.7133502873507034,15
classical_proposed,slice_macro_precision,0.6611722968438066,0.057507944618697536,0.6320692614375163,0.690275332250097,15
classical_proposed,slice_macro_recall,0.6822225008892165,0.06150887682124455,0.6510947144277297,0.7133502873507034,15
classical_proposed,slice_macro_f1,0.6664569506639972,0.05774430440078928,0.6372343007044057,0.6956796006235888,15
classical_proposed,slice_weighted_f1,0.7000347962294319,0.06277770370936647,0.6682648947681079,0.7318046976907558,15
classical_proposed,slice_mcc,0.5251909558508662,0.08234020784187376,0.4835210613680745,0.5668608503336579,15
classical_proposed,slice_macro_auroc,0.8561059244888446,0.0459024128099208,0.8328760985213393,0.8793357504563499,15
classical_proposed,slice_macro_auprc,0.7278985715140538,0.06917682891627715,0.6928902658861261,0.7629068771419815,15
classical_proposed,slice_class_1_sensitivity,0.7015855078750437,0.044874517541847125,0.6788758686848446,0.7242951470652428,15
classical_proposed,slice_class_1_specificity,0.8377334240300706,0.04445443455735494,0.8152363761618587,0.8602304718982824,15
classical_proposed,slice_class_2_sensitivity,0.7550729370994892,0.06567861568939108,0.7218349716232719,0.7883109025757065,15
classical_proposed,slice_class_2_specificity,0.8700626230191263,0.03065880024570936,0.8545471293776589,0.8855781166605937,15
classical_proposed,slice_class_3_sensitivity,0.5900090576931167,0.13282111305997776,0.5227923003960626,0.6572258149901709,15
classical_proposed,slice_class_3_specificity,0.841225095348517,0.021484151026206322,0.8303526148219484,0.8520975758750855,15
classical_proposed,slice_class_1_precision,0.562118986258253,0.0655325342876519,0.5289549481712895,0.5952830243452164,15
classical_proposed,slice_class_1_recall,0.7015855078750437,0.044874517541847125,0.6788758686848446,0.7242951470652428,15
classical_proposed,slice_class_1_f1,0.6220975106304317,0.04872094453899028,0.5974413108071271,0.6467537104537363,15
classical_proposed,slice_class_1_support,141.6,48.59276842141373,117.00866624194612,166.19133375805387,15
classical_proposed,slice_class_2_precision,0.8160897434128075,0.09237024243562632,0.7693439510894,0.862835535736215,15
classical_proposed,slice_class_2_recall,0.7550729370994892,0.06567861568939108,0.7218349716232719,0.7883109025757065,15
classical_proposed,slice_class_2_f1,0.7830873741263044,0.0708331784180052,0.747240839997713,0.8189339082548958,15
classical_proposed,slice_class_2_support,285.2,96.821042577088,236.2017920327692,334.1982079672308,15
classical_proposed,slice_class_3_precision,0.6053081608603591,0.13441548655743873,0.5372845392482071,0.6733317824725111,15
classical_proposed,slice_class_3_recall,0.5900090576931167,0.13282111305997776,0.5227923003960626,0.6572258149901709,15
classical_proposed,slice_class_3_f1,0.5941859672352553,0.1259191856414117,0.5304620671315161,0.6579098673389945,15
classical_proposed,slice_class_3_support,186.0,37.981198356179185,166.77886163620894,205.22113836379106,15
classical_proposed,patient_accuracy,0.7715078630897316,0.07631401889012814,0.7328876409885647,0.8101280851908985,15
classical_proposed,patient_balanced_accuracy,0.763422122062473,0.09173189429195594,0.7169993784717225,0.8098448656532234,15
classical_proposed,patient_macro_precision,0.7604868000462967,0.07683901067323544,0.7216008954459013,0.799372704646692,15
classical_proposed,patient_macro_recall,0.763422122062473,0.09173189429195594,0.7169993784717225,0.8098448656532234,15
classical_proposed,patient_macro_f1,0.7574089262515616,0.08241868033652315,0.7156993192072214,0.7991185332959019,15
classical_proposed,patient_weighted_f1,0.7723400230071227,0.07736903192072496,0.7331858906473447,0.8114941553669006,15
classical_proposed,patient_mcc,0.6527477842817914,0.1186720722677138,0.5926914295668949,0.7128041389966878,15
classical_proposed,patient_macro_auroc,0.9113581136415326,0.03765537492840375,0.8923018646824599,0.9304143626006054,15
classical_proposed,patient_macro_auprc,0.830283877089583,0.07829770710597642,0.7906597702423404,0.8699079839368256,15
classical_proposed,patient_class_1_sensitivity,0.750033163717374,0.10469566737966271,0.6970498457629908,0.8030164816717573,15
classical_proposed,patient_class_1_specificity,0.8582836161284437,0.07652159197497063,0.8195583475527832,0.8970088847041042,15
classical_proposed,patient_class_2_sensitivity,0.8225078722447144,0.11605026328933435,0.7637783359378176,0.8812374085516113,15
classical_proposed,patient_class_2_specificity,0.9570612832946799,0.03338588825329358,0.9401656927054424,0.9739568738839174,15
classical_proposed,patient_class_3_sensitivity,0.7177253302253302,0.18399215500545169,0.6246124527419237,0.8108382077087368,15
classical_proposed,patient_class_3_specificity,0.8464752142171498,0.04387927597667721,0.8242692367505786,0.8686811916837209,15
classical_proposed,patient_class_1_precision,0.754908516350164,0.06663743139687711,0.7211853231777025,0.7886317095226255,15
classical_proposed,patient_class_1_recall,0.750033163717374,0.10469566737966271,0.6970498457629908,0.8030164816717573,15
classical_proposed,patient_class_1_f1,0.7475292102838001,0.059168245753332016,0.717585946574677,0.7774724739929233,15
classical_proposed,patient_class_1_support,16.4,3.5010202594590707,14.628239293809685,18.171760706190312,15
classical_proposed,patient_class_2_precision,0.9032343679712102,0.08183698533120431,0.8618191392157777,0.9446495967266426,15
classical_proposed,patient_class_2_recall,0.8225078722447144,0.11605026328933435,0.7637783359378176,0.8812374085516113,15
classical_proposed,patient_class_2_f1,0.8592246778921262,0.09527277663862205,0.8110100005957321,0.9074393551885203,15
classical_proposed,patient_class_2_support,17.8,4.693460496112802,15.424781273229769,20.175218726770233,15
classical_proposed,patient_class_3_precision,0.6233175158175157,0.12139891505279886,0.5618811882545562,0.6847538433804752,15
classical_proposed,patient_class_3_recall,0.7177253302253302,0.18399215500545169,0.6246124527419237,0.8108382077087368,15
classical_proposed,patient_class_3_f1,0.6654728905787586,0.14647772568010167,0.5913449337379073,0.7396008474196099,15
classical_proposed,patient_class_3_support,12.4,2.4142434484888695,11.1782242431608,13.6217757568392,15
classical_proposed,small_slice_macro_f1,0.6028344796310185,0.08525045165736267,0.5596917985730034,0.6459771606890337,15
classical_proposed,medium_slice_macro_f1,0.6383971295414383,0.0667217016615835,0.6046312897309565,0.6721629693519202,15
classical_proposed,large_slice_macro_f1,0.6059543700753286,0.0916710485516817,0.559562418677644,0.6523463214730132,15
fixed_2g_6l,slice_accuracy,0.32668613330840957,0.051381985352233484,0.30068326102934445,0.3526890055874747,15
fixed_2g_6l,slice_balanced_accuracy,0.35524015708941437,0.024078534251182802,0.3430547375010414,0.36742557667778736,15
fixed_2g_6l,slice_macro_precision,0.3677017160715116,0.05619341462996736,0.33926392462513505,0.3961395075178881,15
fixed_2g_6l,slice_macro_recall,0.35524015708941437,0.024078534251182802,0.3430547375010414,0.36742557667778736,15
fixed_2g_6l,slice_macro_f1,0.29651496425375207,0.04883644348050822,0.2718003139014523,0.3212296146060518,15
fixed_2g_6l,slice_weighted_f1,0.3008962166787877,0.07136097069015118,0.2647825828079733,0.3370098505496021,15
fixed_2g_6l,slice_mcc,0.025176816010361525,0.03429232896625755,0.007822503129134586,0.042531128891588464,15
fixed_2g_6l,slice_macro_auroc,0.514472153077681,0.022936465383318047,0.502864700080155,0.526079606075207,15
fixed_2g_6l,slice_macro_auprc,0.3483082259163986,0.015483197925536749,0.34047264666874466,0.35614380516405253,15
fixed_2g_6l,slice_class_1_sensitivity,0.5417166070055371,0.17263089114087904,0.45435332232540665,0.6290798916856676,15
fixed_2g_6l,slice_class_1_specificity,0.5293937768203423,0.18477094709885283,0.43588677615937,0.6229007774813146,15
fixed_2g_6l,slice_class_2_sensitivity,0.30420423853047895,0.20501506592731591,0.20045230021888588,0.407956176842072,15
fixed_2g_6l,slice_class_2_specificity,0.7097560839561883,0.20980732454247056,0.6035789281711194,0.8159332397412572,15
fixed_2g_6l,slice_class_3_sensitivity,0.219799625732227,0.10226361456707214,0.16804709631643772,0.2715521551480163,15
fixed_2g_6l,slice_class_3_specificity,0.7832091005962505,0.10907933072925215,0.7280073429024841,0.8384108582900168,15
fixed_2g_6l,slice_class_1_precision,0.2592577038312827,0.07084688501260036,0.22340423320877822,0.2951111744537872,15
fixed_2g_6l,slice_class_1_recall,0.5417166070055371,0.17263089114087904,0.45435332232540665,0.6290798916856676,15
fixed_2g_6l,slice_class_1_f1,0.3395410898814705,0.07950673981974252,0.29930512806167764,0.3797770517012634,15
fixed_2g_6l,slice_class_1_support,141.6,48.59276842141373,117.00866624194612,166.19133375805387,15
fixed_2g_6l,slice_class_2_precision,0.5288447314070843,0.1941436321497344,0.4305944976729007,0.627094965141268,15
fixed_2g_6l,slice_class_2_recall,0.30420423853047895,0.20501506592731591,0.20045230021888588,0.407956176842072,15
fixed_2g_6l,slice_class_2_f1,0.3139069640576351,0.1709281145643778,0.2274054032197232,0.40040852489554696,15
fixed_2g_6l,slice_class_2_support,285.2,96.821042577088,236.2017920327692,334.1982079672308,15
fixed_2g_6l,slice_class_3_precision,0.31500271297616766,0.0875820265337018,0.2706800922310636,0.35932533372127173,15
fixed_2g_6l,slice_class_3_recall,0.219799625732227,0.10226361456707214,0.16804709631643772,0.2715521551480163,15
fixed_2g_6l,slice_class_3_f1,0.23609683882215057,0.06816524459531446,0.201600465493397,0.27059321215090415,15
fixed_2g_6l,slice_class_3_support,186.0,37.981198356179185,166.77886163620894,205.22113836379106,15
fixed_2g_6l,patient_accuracy,0.3518655565834104,0.0721271259840103,0.31536419463794924,0.38836691852887156,15
fixed_2g_6l,patient_balanced_accuracy,0.34716486891925485,0.05054980375691328,0.32158313863358995,0.37274659920491976,15
fixed_2g_6l,patient_macro_precision,0.333168863374875,0.11987500806138514,0.272503739154707,0.393833987595043,15
fixed_2g_6l,patient_macro_recall,0.34716486891925485,0.05054980375691328,0.32158313863358995,0.37274659920491976,15
fixed_2g_6l,patient_macro_f1,0.2635786493312184,0.07422617473617638,0.22601502215338173,0.30114227650905506,15
fixed_2g_6l,patient_weighted_f1,0.2765778272409599,0.08904110732702221,0.2315168097357178,0.321638844746202,15
fixed_2g_6l,patient_mcc,0.03300978499104724,0.09906638335172462,-0.01712472218660937,0.08314429216870384,15
fixed_2g_6l,patient_macro_auroc,0.5226343697689613,0.05176987144058778,0.49643520004546776,0.5488335394924548,15
fixed_2g_6l,patient_macro_auprc,0.41301661818807284,0.04637620195699334,0.3895470218303407,0.436486214545805,15
fixed_2g_6l,patient_class_1_sensitivity,0.5987448419027366,0.31745623971975956,0.43808981857039353,0.7593998652350796,15
fixed_2g_6l,patient_class_1_specificity,0.4934246335826796,0.3371390477180771,0.3228087350726831,0.6640405320926761,15
fixed_2g_6l,patient_class_2_sensitivity,0.3106207827260459,0.31753018827947516,0.14992833625910953,0.47131322919298224,15
fixed_2g_6l,patient_class_2_specificity,0.691767194930541,0.35122957945968225,0.5140205035033505,0.8695138863577314,15
fixed_2g_6l,patient_class_3_sensitivity,0.1321289821289821,0.2169942753405524,0.022314727419118108,0.2419432368388461,15
fixed_2g_6l,patient_class_3_specificity,0.8481624370618677,0.18149430842870787,0.7563136443556941,0.9400112297680412,15
fixed_2g_6l,patient_class_1_precision,0.41577107663543944,0.0993097812756601,0.36551339311327813,0.46602876015760075,15
fixed_2g_6l,patient_class_1_recall,0.5987448419027366,0.31745623971975956,0.43808981857039353,0.7593998652350796,15
fixed_2g_6l,patient_class_1_f1,0.4343094348594614,0.14409206453318382,0.36138878913512645,0.5072300805837964,15
fixed_2g_6l,patient_class_1_support,16.4,3.5010202594590707,14.628239293809685,18.171760706190312,15
fixed_2g_6l,patient_class_2_precision,0.43413441954111803,0.2664170817865853,0.2766919853471216,0.5915768537351145,11
fixed_2g_6l,patient_class_2_recall,0.3106207827260459,0.31753018827947516,0.14992833625910953,0.47131322919298224,15
fixed_2g_6l,patient_class_2_f1,0.2464056066781757,0.18777163869385027,0.15138004655013157,0.3414311668062199,15
fixed_2g_6l,patient_class_2_support,17.8,4.693460496112802,15.424781273229769,20.175218726770233,15
fixed_2g_6l,patient_class_3_precision,0.17171092796092796,0.18306206814653567,0.07219725414109396,0.27122460178076196,13
fixed_2g_6l,patient_class_3_recall,0.1321289821289821,0.2169942753405524,0.022314727419118108,0.2419432368388461,15
fixed_2g_6l,patient_class_3_f1,0.11002090645601802,0.12951175717374339,0.044478914309547646,0.1755628986024884,15
fixed_2g_6l,patient_class_3_support,12.4,2.4142434484888695,11.1782242431608,13.6217757568392,15
fixed_2g_6l,small_slice_macro_f1,0.27035332294629855,0.08003349339281343,0.22985078703854062,0.3108558588540565,15
fixed_2g_6l,medium_slice_macro_f1,0.2921882501334278,0.03964224827044153,0.2721265045320295,0.3122499957348261,15
fixed_2g_6l,large_slice_macro_f1,0.2859369671178438,0.08002076760520299,0.24544087134718093,0.32643306288850665,15
fixed_6g_2l,slice_accuracy,0.3182100547353466,0.059711752275244445,0.28799173877638834,0.3484283706943048,15
fixed_6g_2l,slice_balanced_accuracy,0.3230003022086999,0.017845100695705062,0.3139694352420675,0.3320311691753323,15
fixed_6g_2l,slice_macro_precision,0.3173105866141628,0.04079039725591654,0.29666779745786914,0.3379533757704564,15
fixed_6g_2l,slice_macro_recall,0.3230003022086999,0.017845100695705062,0.3139694352420675,0.3320311691753323,15
fixed_6g_2l,slice_macro_f1,0.2709677456690424,0.04460736888351369,0.24839330235332244,0.2935421889847624,15
fixed_6g_2l,slice_weighted_f1,0.2849256190495828,0.0658690013724958,0.2515913051242428,0.3182599329749228,15
fixed_6g_2l,slice_mcc,-0.014671273674158141,0.02919989717948212,-0.02944846049780629,0.00010591314949000633,15
fixed_6g_2l,slice_macro_auroc,0.4885997732899353,0.01943020599718883,0.47876673236251105,0.4984328142173596,15
fixed_6g_2l,slice_macro_auprc,0.33258521826582954,0.012168204345079628,0.3264272572356819,0.3387431792959772,15
fixed_6g_2l,slice_class_1_sensitivity,0.3355669699773762,0.2078760593137165,0.2303671692465356,0.44076677070821674,15
fixed_6g_2l,slice_class_1_specificity,0.6403268633366441,0.20376586879519312,0.5372071059977264,0.7434466206755619,15
fixed_6g_2l,slice_class_2_sensitivity,0.2998383120957342,0.2212284053363813,0.18788129196449255,0.41179533222697584,15
fixed_6g_2l,slice_class_2_specificity,0.6844685759642999,0.21452626798617336,0.5759033053016613,0.7930338466269384,15
fixed_6g_2l,slice_class_3_sensitivity,0.33359562455298913,0.26968518375170847,0.19711609110212663,0.47007515800385163,15
fixed_6g_2l,slice_class_3_specificity,0.6611545004963459,0.28062285157822425,0.5191397434145933,0.8031692575780985,15
fixed_6g_2l,slice_class_1_precision,0.2163008954482638,0.09281320282069047,0.1693309342407903,0.2632708566557373,15
fixed_6g_2l,slice_class_1_recall,0.3355669699773762,0.2078760593137165,0.2303671692465356,0.44076677070821674,15
fixed_6g_2l,slice_class_1_f1,0.24650873166469764,0.11996514660354195,0.18579799104837336,0.3072194722810219,15
fixed_6g_2l,slice_class_1_support,141.6,48.59276842141373,117.00866624194612,166.19133375805387,15
fixed_6g_2l,slice_class_2_precision,0.4166079628296713,0.15931618819764912,0.33598284752336105,0.4972330781359815,15
fixed_6g_2l,slice_class_2_recall,0.2998383120957342,0.2212284053363813,0.18788129196449255,0.41179533222697584,15
fixed_6g_2l,slice_class_2_f1,0.3045281744905001,0.15317230306051915,0.22701229405362633,0.3820440549273739,15
fixed_6g_2l,slice_class_2_support,285.2,96.821042577088,236.2017920327692,334.1982079672308,15
fixed_6g_2l,slice_class_3_precision,0.3190229015645535,0.09000138468861617,0.27347591666403015,0.3645698864650768,15
fixed_6g_2l,slice_class_3_recall,0.33359562455298913,0.26968518375170847,0.19711609110212663,0.47007515800385163,15
fixed_6g_2l,slice_class_3_f1,0.2618663308519294,0.14848490232626294,0.18672260247921016,0.33701005922464866,15
fixed_6g_2l,slice_class_3_support,186.0,37.981198356179185,166.77886163620894,205.22113836379106,15
fixed_6g_2l,patient_accuracy,0.3014184397163121,0.06616063304444975,0.2679365398021014,0.3349003396305228,15
fixed_6g_2l,patient_balanced_accuracy,0.31149101872786084,0.03401249380230327,0.2942783219787785,0.32870371547694316,15
fixed_6g_2l,patient_macro_precision,0.3051207790935813,0.1384628627869754,0.23504890250567262,0.37519265568149,15
fixed_6g_2l,patient_macro_recall,0.31149101872786084,0.03401249380230327,0.2942783219787785,0.32870371547694316,15
fixed_6g_2l,patient_macro_f1,0.21838506725829868,0.06293428591427766,0.18653592426810878,0.2502342102484886,15
fixed_6g_2l,patient_weighted_f1,0.22150760548221235,0.08419775531290456,0.17889766227786197,0.26411754868656273,15
fixed_6g_2l,patient_mcc,-0.03973251338229497,0.08649534827573327,-0.08350519905274814,0.004040172288158207,15
fixed_6g_2l,patient_macro_auroc,0.472070217359814,0.046685081380957186,0.4484443064463888,0.4956961282732393,15
fixed_6g_2l,patient_macro_auprc,0.3682147861126791,0.03163965434855556,0.35220291180810837,0.38422666041724984,15
fixed_6g_2l,patient_class_1_sensitivity,0.2953249284828232,0.29673862477162466,0.1451544648990027,0.44549539206664374,15
fixed_6g_2l,patient_class_1_specificity,0.6630880161770967,0.298165013367257,0.5121957003678652,0.8139803319863281,15
fixed_6g_2l,patient_class_2_sensitivity,0.310395861448493,0.34140863187298165,0.13761925523707885,0.4831724676599072,15
fixed_6g_2l,patient_class_2_specificity,0.6591427718040621,0.32610331065564024,0.49411172680590876,0.8241738168022155,15
fixed_6g_2l,patient_class_3_sensitivity,0.3287522662522663,0.39783068644293956,0.12742216082030705,0.5300823716842256,15
fixed_6g_2l,patient_class_3_specificity,0.645252437187921,0.39191412529177594,0.446916524815851,0.8435883495599911,15
fixed_6g_2l,patient_class_1_precision,0.3259637116838426,0.25145167445978217,0.18927302438311905,0.4626543989845661,13
fixed_6g_2l,patient_class_1_recall,0.2953249284828232,0.29673862477162466,0.1451544648990027,0.44549539206664374,15
fixed_6g_2l,patient_class_1_f1,0.2373735488961944,0.19537634976613516,0.13849947397495493,0.33624762381743384,15
fixed_6g_2l,patient_class_1_support,16.4,3.5010202594590707,14.628239293809685,18.171760706190312,15
fixed_6g_2l,patient_class_2_precision,0.27422774665421723,0.17825585987444978,0.1733699993447383,0.37508549396369617,12
fixed_6g_2l,patient_class_2_recall,0.310395861448493,0.34140863187298165,0.13761925523707885,0.4831724676599072,15
fixed_6g_2l,patient_class_2_f1,0.23226494521174498,0.20158761563582575,0.13024753606560757,0.3342823543578824,15
fixed_6g_2l,patient_class_2_support,17.8,4.693460496112802,15.424781273229769,20.175218726770233,15
fixed_6g_2l,patient_class_3_precision,0.2752423964782715,0.2585694323754918,0.12243762672267391,0.42804716623386907,11
fixed_6g_2l,patient_class_3_recall,0.3287522662522663,0.39783068644293956,0.12742216082030705,0.5300823716842256,15
fixed_6g_2l,patient_class_3_f1,0.18551670766695674,0.17979494342780133,0.09452791230754132,0.27650550302637217,15
fixed_6g_2l,patient_class_3_support,12.4,2.4142434484888695,11.1782242431608,13.6217757568392,15
fixed_6g_2l,small_slice_macro_f1,0.2549659728518809,0.05311021053617872,0.2280884979583094,0.28184344774545234,15
fixed_6g_2l,medium_slice_macro_f1,0.26610183632913614,0.05097316597499022,0.24030585520032127,0.291897817457951,15
fixed_6g_2l,large_slice_macro_f1,0.2438765790447646,0.09310760012932344,0.19675763224315326,0.29099552584637595,15
shuffled_size_allocation,slice_accuracy,0.3282260982995664,0.0442020834734372,0.30585675769995485,0.35059543889917794,15
shuffled_size_allocation,slice_balanced_accuracy,0.3383636330534685,0.01574647003149959,0.33039481973751106,0.34633244636942595,15
shuffled_size_allocation,slice_macro_precision,0.3259835249976158,0.032455996861600216,0.30955852438122283,0.34240852561400875,15
shuffled_size_allocation,slice_macro_recall,0.3383636330534685,0.01574647003149959,0.33039481973751106,0.34633244636942595,15
shuffled_size_allocation,slice_macro_f1,0.29331485688621345,0.045983885144379115,0.27004380022875574,0.31658591354367116,15
shuffled_size_allocation,slice_weighted_f1,0.30490269765541567,0.06865544892356504,0.2701582467085871,0.3396471486022442,15
shuffled_size_allocation,slice_mcc,0.006625679451306539,0.02115979031990694,-0.00408265190974355,0.017334010812356627,15
shuffled_size_allocation,slice_macro_auroc,0.513626573861674,0.016862217365177585,0.5050931144890403,0.5221600332343077,15
shuffled_size_allocation,slice_macro_auprc,0.34834230446018705,0.010395719053798711,0.34308134474927116,0.35360326417110294,15
shuffled_size_allocation,slice_class_1_sensitivity,0.3739901141774467,0.1899540642714364,0.277860094321669,0.4701201340332244,15
shuffled_size_allocation,slice_class_1_specificity,0.632407582635646,0.19707287778350446,0.5326749460794075,0.7321402191918845,15
shuffled_size_allocation,slice_class_2_sensitivity,0.3617057739356948,0.20697729287530847,0.2569608117780706,0.466450736093319,15
shuffled_size_allocation,slice_class_2_specificity,0.6448410787732738,0.19825565325663158,0.5445098752416314,0.7451722823049162,15
shuffled_size_allocation,slice_class_3_sensitivity,0.27939501104726394,0.1923216665866574,0.18206681910474662,0.37672320298978124,15
shuffled_size_allocation,slice_class_3_specificity,0.7277002285182983,0.17964881827922213,0.6367853826870924,0.8186150743495042,15
shuffled_size_allocation,slice_class_1_precision,0.24242337722389776,0.08001865863604482,0.20192834873888538,0.28291840570891014,15
shuffled_size_allocation,slice_class_1_recall,0.3739901141774467,0.1899540642714364,0.277860094321669,0.4701201340332244,15
shuffled_size_allocation,slice_class_1_f1,0.27853159200990735,0.10067572569737473,0.22758264523478564,0.3294805387850291,15
shuffled_size_allocation,slice_class_1_support,141.6,48.59276842141373,117.00866624194612,166.19133375805387,15
shuffled_size_allocation,slice_class_2_precision,0.4512656633586648,0.11153668161904387,0.3948203145328302,0.5077110121844994,15
shuffled_size_allocation,slice_class_2_recall,0.3617057739356948,0.20697729287530847,0.2569608117780706,0.466450736093319,15
shuffled_size_allocation,slice_class_2_f1,0.3572914470645156,0.14581375763493054,0.2834995044153622,0.431083389713669,15
shuffled_size_allocation,slice_class_2_support,285.2,96.821042577088,236.2017920327692,334.1982079672308,15
shuffled_size_allocation,slice_class_3_precision,0.2842615344102847,0.090710916784507,0.2383554767269393,0.33016759209363006,15
shuffled_size_allocation,slice_class_3_recall,0.27939501104726394,0.1923216665866574,0.18206681910474662,0.37672320298978124,15
shuffled_size_allocation,slice_class_3_f1,0.24412153158421745,0.11664202045570142,0.18509252483234304,0.30315053833609185,15
shuffled_size_allocation,slice_class_3_support,186.0,37.981198356179185,166.77886163620894,205.22113836379106,15
shuffled_size_allocation,patient_accuracy,0.3317607153869873,0.06663377521126543,0.29803937249973445,0.3654820582742402,15
shuffled_size_allocation,patient_balanced_accuracy,0.3401163213005318,0.05626830976895863,0.3116406276843547,0.36859201491670895,15
shuffled_size_allocation,patient_macro_precision,0.35347541874882715,0.07724000189603378,0.31438658459092306,0.39256425290673125,15
shuffled_size_allocation,patient_macro_recall,0.3401163213005318,0.05626830976895863,0.3116406276843547,0.36859201491670895,15
shuffled_size_allocation,patient_macro_f1,0.2650351668494951,0.07222489696412228,0.22848432596134569,0.30158600773764443,15
shuffled_size_allocation,patient_weighted_f1,0.2726374719703213,0.08158200450572312,0.23135128131633909,0.3139236626243035,15
shuffled_size_allocation,patient_mcc,0.015909306276188775,0.09531193772113279,-0.03232518926233545,0.06414380181471299,15
shuffled_size_allocation,patient_macro_auroc,0.5345093645458182,0.05888175696834821,0.5047110841656625,0.564307644925974,15
shuffled_size_allocation,patient_macro_auprc,0.4083511588460073,0.053230542911948515,0.38141278736822004,0.4352895303237946,15
shuffled_size_allocation,patient_class_1_sensitivity,0.3662011088326878,0.28598575359339584,0.2214723488725006,0.5109298687928749,15
shuffled_size_allocation,patient_class_1_specificity,0.6285168460743173,0.3191882029950361,0.46698532839224616,0.7900483637563885,15
shuffled_size_allocation,patient_class_2_sensitivity,0.3618207377417903,0.317657863973097,0.2010636784590659,0.5225777970245147,15
shuffled_size_allocation,patient_class_2_specificity,0.6480415876027831,0.28153386434201216,0.5055657944520857,0.7905173807534804,15
shuffled_size_allocation,patient_class_3_sensitivity,0.2923271173271173,0.3439082394156475,0.11828553516675602,0.4663686994874786,15
shuffled_size_allocation,patient_class_3_specificity,0.7311082775029643,0.28896861858968736,0.5848699795793731,0.8773465754265554,15
shuffled_size_allocation,patient_class_1_precision,0.4606537746715663,0.26003653463253923,0.3290571313813575,0.5922504179617751,15
shuffled_size_allocation,patient_class_1_recall,0.3662011088326878,0.28598575359339584,0.2214723488725006,0.5109298687928749,15
shuffled_size_allocation,patient_class_1_f1,0.31992522422602926,0.18011767094694187,0.22877310620783328,0.4110773422442252,15
shuffled_size_allocation,patient_class_1_support,16.4,3.5010202594590707,14.628239293809685,18.171760706190312,15
shuffled_size_allocation,patient_class_2_precision,0.3697432961841154,0.15389745228635998,0.2860836881419448,0.453402904226286,13
shuffled_size_allocation,patient_class_2_recall,0.3618207377417903,0.317657863973097,0.2010636784590659,0.5225777970245147,15
shuffled_size_allocation,patient_class_2_f1,0.2937197337814623,0.17219079655969463,0.20657916768853313,0.3808602998743915,15
shuffled_size_allocation,patient_class_2_support,17.8,4.693460496112802,15.424781273229769,20.175218726770233,15
shuffled_size_allocation,patient_class_3_precision,0.18936794562320214,0.15588721159149338,0.10116645251914466,0.2775694387272596,12
shuffled_size_allocation,patient_class_3_recall,0.2923271173271173,0.3439082394156475,0.11828553516675602,0.4663686994874786,15
shuffled_size_allocation,patient_class_3_f1,0.1814605425409936,0.19712934230425208,0.08169933099468352,0.2812217540873037,15
shuffled_size_allocation,patient_class_3_support,12.4,2.4142434484888695,11.1782242431608,13.6217757568392,15
shuffled_size_allocation,small_slice_macro_f1,0.2535778769274588,0.06763673700302128,0.21934896534286918,0.28780678851204844,15
shuffled_size_allocation,medium_slice_macro_f1,0.3085482237671971,0.055423795913886076,0.2804999131289414,0.3365965344054528,15
shuffled_size_allocation,large_slice_macro_f1,0.276479901036497,0.07105638861520083,0.24052040696271715,0.31243939511027685,15
lesion_size_only,slice_accuracy,0.5641614449780757,0.06858160643225131,0.529454363487823,0.5988685264683284,15
lesion_size_only,slice_balanced_accuracy,0.5366901804778537,0.05917324088586442,0.5067443888828895,0.5666359720728178,15
lesion_size_only,slice_macro_precision,0.5366380649603457,0.07957467796479281,0.49636772169545085,0.5769084082252406,15
lesion_size_only,slice_macro_recall,0.5366901804778537,0.05917324088586442,0.5067443888828895,0.5666359720728178,15
lesion_size_only,slice_macro_f1,0.5076578501730105,0.06730925125069052,0.4735946692454341,0.5417210311005869,15
lesion_size_only,slice_weighted_f1,0.554160660509157,0.06111299286697632,0.5232332189706933,0.5850881020476207,15
lesion_size_only,slice_mcc,0.3330344742864027,0.10140687946266896,0.2817155126540315,0.3843534359187739,15
lesion_size_only,slice_macro_auroc,0.7143733906588203,0.05923072710790616,0.6843985070215906,0.7443482742960501,15
lesion_size_only,slice_macro_auprc,0.5414999359714461,0.071234785373828,0.5054501606814427,0.5775497112614495,15
lesion_size_only,slice_class_1_sensitivity,0.31871054762410134,0.18795615856704312,0.22359160755632362,0.41382948769187905,15
lesion_size_only,slice_class_1_specificity,0.8268202966475876,0.09205880553400468,0.7802321131421411,0.8734084801530341,15
lesion_size_only,slice_class_2_sensitivity,0.5219708264928403,0.11516801460904477,0.4636877696202175,0.5802538833654631,15
lesion_size_only,slice_class_2_specificity,0.7992501030288788,0.10170345927068734,0.74778105130529,0.8507191547524675,15
lesion_size_only,slice_class_3_sensitivity,0.7693891673166192,0.11294215337445491,0.712232551647021,0.8265457829862174,15
lesion_size_only,slice_class_3_specificity,0.7105838713220044,0.04086313528396378,0.6899042716446657,0.7312634709993431,15
lesion_size_only,slice_class_1_precision,0.35867018791936756,0.13581416583708347,0.2875263771627665,0.4298139986759686,14
lesion_size_only,slice_class_1_recall,0.31871054762410134,0.18795615856704312,0.22359160755632362,0.41382948769187905,15
lesion_size_only,slice_class_1_f1,0.31108288645949433,0.1759717682354851,0.2220288846964102,0.4001368882225785,15
lesion_size_only,slice_class_1_support,141.6,48.59276842141373,117.00866624194612,166.19133375805387,15
lesion_size_only,slice_class_2_precision,0.700910262392188,0.13498907760540768,0.6325963636593971,0.7692241611249789,15
lesion_size_only,slice_class_2_recall,0.5219708264928403,0.11516801460904477,0.4636877696202175,0.5802538833654631,15
lesion_size_only,slice_class_2_f1,0.5859015331970858,0.08078341700681568,0.545019483578048,0.6267835828161237,15
lesion_size_only,slice_class_2_support,285.2,96.821042577088,236.2017920327692,334.1982079672308,15
lesion_size_only,slice_class_3_precision,0.5335212508106157,0.11358065176123568,0.47604151037485615,0.5910009912463753,15
lesion_size_only,slice_class_3_recall,0.7693891673166192,0.11294215337445491,0.712232551647021,0.8265457829862174,15
lesion_size_only,slice_class_3_f1,0.625989130862451,0.10716956629364141,0.5717538473203131,0.6802244144045889,15
lesion_size_only,slice_class_3_support,186.0,37.981198356179185,166.77886163620894,205.22113836379106,15
lesion_size_only,patient_accuracy,0.5665741597286462,0.03962419934680512,0.5465215481428543,0.5866267713144382,15
lesion_size_only,patient_balanced_accuracy,0.5791043069990439,0.03960093904168593,0.5590634667517677,0.5991451472463202,15
lesion_size_only,patient_macro_precision,0.5767776211700364,0.06707189027388308,0.5428345614701947,0.6107206808698781,15
lesion_size_only,patient_macro_recall,0.5791043069990439,0.03960093904168593,0.5590634667517677,0.5991451472463202,15
lesion_size_only,patient_macro_f1,0.5213850609939169,0.06350759017545628,0.4892457860172287,0.5535243359706051,15
lesion_size_only,patient_weighted_f1,0.5330791790994104,0.060804810022895874,0.5023076995985808,0.56385065860024,15
lesion_size_only,patient_mcc,0.38147452148695155,0.06369394605369065,0.3492409374237817,0.4137081055501214,15
lesion_size_only,patient_macro_auroc,0.7238998259685497,0.06019111238344221,0.6934389203240491,0.7543607316130504,15
lesion_size_only,patient_macro_auprc,0.5883463642325726,0.07892099417640677,0.5484068306073554,0.6282858978577898,15
lesion_size_only,patient_class_1_sensitivity,0.26733145996303886,0.19190396608023064,0.17021465364225374,0.364448266283824,15
lesion_size_only,patient_class_1_specificity,0.8774949826673965,0.0765297358018703,0.8387655927466909,0.916224372588102,15
lesion_size_only,patient_class_2_sensitivity,0.598387314439946,0.13000798107308442,0.532594198352119,0.664180430527773,15
lesion_size_only,patient_class_2_specificity,0.8404841345140207,0.09546682869041595,0.792171253329947,0.8887970156980944,15
lesion_size_only,patient_class_3_sensitivity,0.8715941465941467,0.10633432387820545,0.817781554034106,0.9254067391541874,15
lesion_size_only,patient_class_3_specificity,0.6434523448754949,0.045291831881205974,0.6205315154910637,0.666373174259926,15
lesion_size_only,patient_class_1_precision,0.53381734006734,0.1295164960792451,0.46053648386900775,0.6070981962656723,12
lesion_size_only,patient_class_1_recall,0.26733145996303886,0.19190396608023064,0.17021465364225374,0.364448266283824,15
lesion_size_only,patient_class_1_f1,0.3210325972371183,0.21322348715976916,0.2131266246378842,0.42893856983635237,15
lesion_size_only,patient_class_1_support,16.4,3.5010202594590707,14.628239293809685,18.171760706190312,15
lesion_size_only,patient_class_2_precision,0.726387521259644,0.12303985267083634,0.6641207646852861,0.7886542778340019,15
lesion_size_only,patient_class_2_recall,0.598387314439946,0.13000798107308442,0.532594198352119,0.664180430527773,15
lesion_size_only,patient_class_2_f1,0.6371143899213999,0.07293139861451914,0.600206009867446,0.6740227699753538,15
lesion_size_only,patient_class_2_support,17.8,4.693460496112802,15.424781273229769,20.175218726770233,15
lesion_size_only,patient_class_3_precision,0.4664423583765134,0.06752910674939883,0.4322679152154213,0.5006168015376055,15
lesion_size_only,patient_class_3_recall,0.8715941465941467,0.10633432387820545,0.817781554034106,0.9254067391541874,15
lesion_size_only,patient_class_3_f1,0.6060081958232323,0.0778042272794773,0.5666338242248865,0.6453825674215781,15
lesion_size_only,patient_class_3_support,12.4,2.4142434484888695,11.1782242431608,13.6217757568392,15
lesion_size_only,small_slice_macro_f1,0.25491254643726774,0.04347342569803847,0.23291195754973884,0.27691313532479667,15
lesion_size_only,medium_slice_macro_f1,0.4305037423649186,0.06394455070374676,0.39814333485062525,0.462864149879212,15
lesion_size_only,large_slice_macro_f1,0.4040369681840964,0.15879735314622964,0.3236744196408935,0.4843995167272993,15
svm_classical_proposed,slice_accuracy,0.7413788451611079,0.048287995155867146,0.71694174795588,0.7658159423663358,15
svm_classical_proposed,slice_balanced_accuracy,0.7193293739590734,0.04146221451644657,0.6983465983600473,0.7403121495580994,15
svm_classical_proposed,slice_macro_precision,0.7130958966105501,0.04210729400129358,0.6917866657502231,0.734405127470877,15
svm_classical_proposed,slice_macro_recall,0.7193293739590734,0.04146221451644657,0.6983465983600473,0.7403121495580994,15
svm_classical_proposed,slice_macro_f1,0.712291139079363,0.039593334517109814,0.6922541472524999,0.7323281309062262,15
svm_classical_proposed,slice_weighted_f1,0.743235106670708,0.05067831206728676,0.7175883422070422,0.7688818711343739,15
svm_classical_proposed,slice_mcc,0.5898160969532936,0.05923458230511061,0.5598392623170935,0.6197929315894938,15
svm_classical_proposed,slice_macro_auroc,0.8895979505054822,0.026026645491540167,0.8764266506047552,0.9027692504062091,15
svm_classical_proposed,slice_macro_auprc,0.767097552133864,0.04640756461320047,0.7436120840822279,0.7905830201855001,15
svm_classical_proposed,slice_class_1_sensitivity,0.6365358375837677,0.024055384081864983,0.6243621335975048,0.6487095415700307,15
svm_classical_proposed,slice_class_1_specificity,0.8873091463157373,0.04264464987283097,0.8657279758641274,0.9088903167673472,15
svm_classical_proposed,slice_class_2_sensitivity,0.821841809665636,0.04143575884785737,0.8008724224821542,0.8428111968491179,15
svm_classical_proposed,slice_class_2_specificity,0.8426328391353066,0.03314615057636594,0.8258585725500152,0.8594071057205981,15
svm_classical_proposed,slice_class_3_sensitivity,0.6996104746278166,0.08355673257796922,0.6573249336860536,0.7418960155695795,15
svm_classical_proposed,slice_class_3_specificity,0.8762642116832857,0.029291820605643476,0.8614405051875474,0.891087918179024,15
svm_classical_proposed,slice_class_1_precision,0.6302596717273116,0.12969123353419976,0.5646268520107101,0.6958924914439131,15
svm_classical_proposed,slice_class_1_recall,0.6365358375837677,0.024055384081864983,0.6243621335975048,0.6487095415700307,15
svm_classical_proposed,slice_class_1_f1,0.6259194855005922,0.06555801687762496,0.5927425514438085,0.6590964195573759,15
svm_classical_proposed,slice_class_1_support,141.6,48.59276842141373,117.00866624194612,166.19133375805387,15
svm_classical_proposed,slice_class_2_precision,0.7983848354570305,0.09401255890125922,0.7508079163290649,0.8459617545849962,15
svm_classical_proposed,slice_class_2_recall,0.821841809665636,0.04143575884785737,0.8008724224821542,0.8428111968491179,15
svm_classical_proposed,slice_class_2_f1,0.8081237289607358,0.06080745951256606,0.7773509086331354,0.8388965492883362,15
svm_classical_proposed,slice_class_2_support,285.2,96.821042577088,236.2017920327692,334.1982079672308,15
svm_classical_proposed,slice_class_3_precision,0.710643182647308,0.06907090740673473,0.6756884806990622,0.7455978845955538,15
svm_classical_proposed,slice_class_3_recall,0.6996104746278166,0.08355673257796922,0.6573249336860536,0.7418960155695795,15
svm_classical_proposed,slice_class_3_f1,0.7028302027767613,0.06598975532929678,0.6694347789177673,0.7362256266357554,15
svm_classical_proposed,slice_class_3_support,186.0,37.981198356179185,166.77886163620894,205.22113836379106,15
svm_classical_proposed,patient_accuracy,0.8570459451125501,0.03027771536158453,0.8417233070312844,0.8723685831938157,15
svm_classical_proposed,patient_balanced_accuracy,0.8639554159291002,0.029748353587325797,0.8489006718677153,0.879010159990485,15
svm_classical_proposed,patient_macro_precision,0.851304643069349,0.034265877413039,0.8339637165210014,0.8686455696176967,15
svm_classical_proposed,patient_macro_recall,0.8639554159291002,0.029748353587325797,0.8489006718677153,0.879010159990485,15
svm_classical_proposed,patient_macro_f1,0.8485670815836092,0.02957180572461181,0.8336016830680186,0.8635324800991997,15
svm_classical_proposed,patient_weighted_f1,0.8561763367019407,0.030677203644317322,0.8406515296557805,0.8717011437481009,15
svm_classical_proposed,patient_mcc,0.7899452391730531,0.04551825549347427,0.7669098236310335,0.8129806547150727,15
svm_classical_proposed,patient_macro_auroc,0.9530571981122726,0.014971326444567116,0.9454806615748548,0.9606337346496905,15
svm_classical_proposed,patient_macro_auprc,0.8953688649218935,0.030325398061272203,0.8800220960651935,0.9107156337785934,15
svm_classical_proposed,patient_class_1_sensitivity,0.7546555783397888,0.08719833767618458,0.7105271309472425,0.7987840257323351,15
svm_classical_proposed,patient_class_1_specificity,0.948150884875023,0.049204487467698683,0.9232499785669367,0.9730517911831092,15
svm_classical_proposed,patient_class_2_sensitivity,0.9237685560053982,0.07194665269222936,0.8873585261469281,0.9601785858638683,15
svm_classical_proposed,patient_class_2_specificity,0.9499288425047439,0.04959876979129097,0.9248284018105886,0.9750292831988991,15
svm_classical_proposed,patient_class_3_sensitivity,0.9134421134421136,0.08832154048691195,0.8687452470009336,0.9581389798832936,15
svm_classical_proposed,patient_class_3_specificity,0.899535226100691,0.035638351984528076,0.8814997315876366,0.9175707206137454,15
svm_classical_proposed,patient_class_1_precision,0.8819444444444444,0.11483108137032086,0.8238318993166102,0.9400569895722787,15
svm_classical_proposed,patient_class_1_recall,0.7546555783397888,0.08719833767618458,0.7105271309472425,0.7987840257323351,15
svm_classical_proposed,patient_class_1_f1,0.8029236896703165,0.036872141057436074,0.7842638117384003,0.8215835676022326,15
svm_classical_proposed,patient_class_1_support,16.4,3.5010202594590707,14.628239293809685,18.171760706190312,15
svm_classical_proposed,patient_class_2_precision,0.9021101774042951,0.0925202352580959,0.8552884782396335,0.9489318765689567,15
svm_classical_proposed,patient_class_2_recall,0.9237685560053982,0.07194665269222936,0.8873585261469281,0.9601785858638683,15
svm_classical_proposed,patient_class_2_f1,0.9104942372799516,0.06682718018511945,0.8766750179716382,0.944313456588265,15
svm_classical_proposed,patient_class_2_support,17.8,4.693460496112802,15.424781273229769,20.175218726770233,15
svm_classical_proposed,patient_class_3_precision,0.7698593073593075,0.04813484738478631,0.7454997136196219,0.7942189010989932,15
svm_classical_proposed,patient_class_3_recall,0.9134421134421136,0.08832154048691195,0.8687452470009336,0.9581389798832936,15
svm_classical_proposed,patient_class_3_f1,0.8322833178005594,0.04222039898019374,0.8109168479234777,0.8536497876776411,15
svm_classical_proposed,patient_class_3_support,12.4,2.4142434484888695,11.1782242431608,13.6217757568392,15
svm_classical_proposed,small_slice_macro_f1,0.6667551095736888,0.056801494934391766,0.6380095870347324,0.6955006321126451,15
svm_classical_proposed,medium_slice_macro_f1,0.6957503491093071,0.04049934800078365,0.6752548511983061,0.7162458470203081,15
svm_classical_proposed,large_slice_macro_f1,0.618803552161294,0.055304605977908296,0.5908155599529498,0.6467915443696383,15
